ScanNum	Peptide	Charge	NTT	NMC	MassError	Prob	Protein	IsDecoy	QValue
00120	KHDNETK	2	1	0	-0.0141	0.1251	sp|P40016|RPN3_YEAST	TARGET	0.0056981244
00124	KLEDHPK	2	2	0	-0.0026	0.9389	sp|P02994|EF1A_YEAST	TARGET	4.5454546E-4
00455	SFNDNSK	2	2	0	0.0027	0.9446	sp|P06169|PDC1_YEAST	TARGET	4.5454546E-4
00681	KDYPDVPK	2	1	0	0.0045	0.0814	sp|P53860|PDR16_YEAST	TARGET	0.0075014425
00938	NPTQRPQR	3	2	0	-0.0060	0.6047	sp|Q08745|RS10A_YEAST	TARGET	0.0015220038
01166	MDVPCSTK	2	2	0	0.0059	0.1357	sp|Q12027|YD176_YEAST	TARGET	0.0052504377
01400	DGHLNYK	2	2	0	-1.0024	0.0513	sp|P28319|CWP1_YEAST	TARGET	0.009638947
02295	EQEEQQQQEGHNNK	3	2	0	0.0084	1.0000	sp|P35732|DEF1_YEAST	TARGET	4.917146E-5
02297	RATAIHGDR	2	1	0	-0.0052	0.9627	sp|P06634|DED1_YEAST	TARGET	4.5454546E-4
22971	TNTITSDFTTSTDR	2	2	0	0.0078	1.0000	sp|D6VTK4|STE2_YEAST	TARGET	4.917146E-5
25143	IGPFADASYK	2	2	0	0.0021	1.0000	sp|D6VTK4|STE2_YEAST	TARGET	4.917146E-5
26350	EGEVEPVDMYTPDTAADEEARK	3	2	0	-0.9835	1.0000	sp|D6VTK4|STE2_YEAST	TARGET	4.917146E-5
28800	NQFYQLPTPTSSK	2	2	0	0.0023	1.0000	sp|D6VTK4|STE2_YEAST	TARGET	4.917146E-5
34787	FYPGTLSSFQTDSINNDAK	2	2	0	0.0095	1.0000	sp|D6VTK4|STE2_YEAST	TARGET	4.917146E-5
